dataset_french/wavs/stanley_0001.wav|Termez-moi tu filles chanson originale de la chanteuse épianiste Anna Barstow, qui figure sur son album Biniif paru en 2021.|stanley
dataset_french/wavs/stanley_0002.wav|Elle a gravé ce disc en compagnie notamment de l'immense saxophoniste Mike Merle.|stanley
dataset_french/wavs/stanley_0003.wav|Barstow et Merleley comptent tous les deux par militaires d'affiches du festival de jazz, de Prince Edward County, charmante municipalité et sur la rive nord du lac Ontario, encore que Barstow et Merleley, et ni jour on pense ensemble.|stanley
dataset_french/wavs/stanley_0004.wav|Le coup d'envoi de cette 27e édition du Festival de Jazz de Prince Edward County sera donné mardi prochain à 14 heures par le pianiste Gordon Sheerd.|stanley
dataset_french/wavs/stanley_0005.wav|qui est évidemment au programme ce soir de même que bon nombre des artistes qui se produiront là-bas d'ici la soirée de cloture de l'événement, le dimanche 18 ou.|stanley
dataset_french/wavs/stanley_0006.wav|Nous consacrerons en effet les deux tiers de notre émission à ceux et celles-ci, nommerment les pianistes Howard Lopez, Steve Holt, la percussionniste Joy Laps, l'hégitariste Eric Saint-Laurent et Dave Barton, le trumpétiste Andrew McAnche, la vocaliste Lenny Stewart et Danielle Bacels.|stanley
dataset_french/wavs/stanley_0007.wav|Pour en revenir à Anna Barstow, la chanteuse et pianiste se produit dans un premier temps à Landara Gallery, mercredi prochain 15h. Les festivaliers et festivalières de Prince Edward County pourront également l'avoir et l'entendre en compagnie du contre-basiste Duncan Hopkins au Royal Hotel de Picton, jeudi prochain 21h.|stanley
dataset_french/wavs/stanley_0008.wav|Quant au saxophoniste Mike Merle, il retrouvera son complice le pianiste Mike Eisenman pour un concert à la Wearing House, le dimanche 18 ou à 19h30.|stanley
dataset_french/wavs/stanley_0009.wav|Pour le moment, écoute-o à nouveau Annabar Staud au piano et au champ Mike Murley au saxophone, accompagné de Jim Vivien à la contrebasse sur cette plage de l'album In A Summer Dream, parouche et cornerstone en 2022. La chanson s'intitule, Don't Look Back.|stanley
dataset_french/wavs/stanley_0011.wav|de la peine Havre, consacré à des compositions de Frésium McPherson, indique que la réserve de 2022.|stanley
dataset_french/wavs/stanley_0012.wav|Sur cette plage, Karl Stade comptait sur le soutien de Chris Gastrino Piano, Conrad Good à la contrebasse et Jesse Cahill à l'ambatrie.|stanley
dataset_french/wavs/stanley_0013.wav|Vous connaissez mon admiration pour Yannick Rieu, qui l'enseigne à passer longtemps, SMB Ossis, un nouvel album inspiré de l'univers musical de Johannes Brahms.|stanley
dataset_french/wavs/stanley_0014.wav|Le même jour que ce lancement officiel qui se tenait le 26 juillet au 1011 sur la Russie Indénie Amoreale, le coup d'envoi a été donné au jeu à l'impique de Paris.|stanley
dataset_french/wavs/stanley_0015.wav|Et pour faire éco à cette cérémonie ou paretile, C'est l'Indian en a aimu plus d'un en été prétend piaf. Je vous propose cette lecture de Lim Nal Amour, par Yannick Rieu sur son album Balad Balad, paru en 2014, Sylvain Provo, Tala Guitard, Guy Boivère, à la contrebasse.|stanley
dataset_french/wavs/stanley_0016.wav|Le standard Easy Street, écrits composés par Alan Rankin Jones en 1940, créé à l'époque par l'orchestre de Jimmy Lundesford.|stanley
dataset_french/wavs/stanley_0017.wav|Nous en écoutons ici une interprétation par le regretté saxophoniste Van couvert Roy Fraser McPherson qui nous a quitté.|stanley
dataset_french/wavs/stanley_0018.wav|le 27 septembre 1993 à 65 ans.|stanley
dataset_french/wavs/stanley_0019.wav|sur cet enregistrement de 1990 tiré son album encore paru sous-éthiquette Justin Tim, il côtoyait le guitarriste Oliver Ganon, le contre-basiste Steve Wallace et le bataur John Sumner.|stanley
dataset_french/wavs/stanley_0020.wav|Mordue de saxophone à sélection de ce soir s'adresse tout particulièrement à vous. En effet, j'ai choisi de vous faire entendre au cours de ce qui reste des deux prochaines heures, une vingtaine de saxophonistes québécois et canadien qui comptent parmi les plus intéressants de la scène contemporaine des valeurs sûrs comme des étoiles émergentes. Nous écoutons nomément T-Vetz-la, Jacob Doe.|stanley
dataset_french/wavs/stanley_0021.wav|et Elizabeth Provenché, qui ont tout trois fait paraître en 2024 de nouveaux opus. Mais également Tara Davidson, Ryan Oliver, Mike Merley, Dave Turner, Jean-Pierre Zanella, Benjamin Déchance, Samuel Blay, Alison Arles, Joel Miller, Annie Dominique, et Lincoln Tornable, Yannick Rieu.|stanley
dataset_french/wavs/stanley_0022.wav|Et puisqu'on a débuté avec un enregistrement souvenir du regretté Fraser McPherson, je vous propose de poursuivre avec deux extraits d'un disque homage qui lui a été consacré en 2022, l'album collectif From The Pen Of paru sous étiquette la réserve. Égoutons d'abord l'Américain Scott Hamilton revisité Night Spot, un thème de Fraser McPherson en compagnie de Bill Gannon, Grinne Oopiano, Hans Backen North, à la contrebas et Christian à la batterie.|stanley
dataset_french/wavs/stanley_0024.wav|Médus, un texte de Sonya Johnson sur une musique de Jean-Pierre Zanela, interprété par Sonya avec Marion Trudelle ou Piano Morgan Moore à la contre-bas, Jim Dox, à la batterie, c'est une plage de l'album Triad, au pluriel par UCHFN-D in 2012.|stanley
dataset_french/wavs/stanley_0025.wav|Le 30 avril dernier au Cabaret-Lion d'Or de Montréal, à l'occasion de la journée internationale du jazz et dans le cadre du festival Odcande, la maison de Disque Montréalais, FN10, s'élébrés son quart de siècle d'existence, avec un concert auquel prenait part bon nombre de ses têtes d'affiches. J'avais prévu de vous présenter la veille une émission spéciale accée sur la richesse de ce catalogue unique qui offre un portrait d'ensemble de la musique jazz, québécoise, des 25 dernières années. J'ai dû modifier mes plans en réaction à la mort de l'auteur compositaire et interprète Jean-Pierre Ferlan, monstre sacré de la grande chanson d'ici, auquel il fallait rendre hommage. Ce soir, Jean revient au Disque FN10 et à ses artisans avec une sélection de deux heures faites d'extrait de quelques-uns des innombrables disques de haute tenues paru sous cette éthiquette fondée et déguigée par le contre-basiste Alain Bédard.|stanley
dataset_french/wavs/stanley_0026.wav|Au fil des deux brechans heures, donc nous écouterons l'égitariste Carno Silvain-Provo et Simon Legault, les pianistes Julie Lamontagne, Yves Léveillé, Eric Arding, Turin Von Prenke, John Rooney et Steve Amiro, les saxophonistes Samuel Blege, Asselamena, François T. Berge, Yannick Rieure et M. Bolduc, Joel Miller, Christine Jensen, les Malcomodes du pianiste Felix Stouci, le Vanace Xtheth, du vibraphoniste Jean Vanace, le Jazz Lab Orchestra, le guitarriste Greg Amiro.|stanley
dataset_french/wavs/stanley_0027.wav|Pour le moment, pour lancer le balle, deux pianistes originaires de Québec, j'ai fait la connaissance d'André Boudreau, il y a presque 30 ans lors d'une réception à l'élizette. C'est comme ça qu'on appelait la résidence officielle du premier ministre Jacques Pariso, le soir de l'ouverture du salon du livre de Québec en 1995. Et quoi que discrèrent ainsi que le demandait cet engagement, son jeu au piano avait capté mon oreille. Cet empliuteur, elle faisait paraître son album. Pourquoi dont nous écouterons la piste éponyme avec Michel Dubot au saxophone ?|stanley
dataset_french/wavs/stanley_0028.wav|Vincent Gagnon et son groupe suivront avec Fauxbourg Saint-Genbatis.|stanley
dataset_french/wavs/stanley_0029.wav|« Senior Eyes », une immortelle signée « Jerome Kern » popularisée dans les années 50 par « The Platters ». Revisité par « Limenses Saxophoniste et Yannick Rieu » sur son album « Little Zab » son premier pour la Maison Disquefendi, sortir en 1989. S'il vint Provo, était à la guitare, « Gui Bois Verre » à la contrebasse, puis il y a « Psoira » à la bâterie.|stanley
dataset_french/wavs/stanley_0030.wav|On va enchaîner Koussukou avec deux saxophonistes qui ont contribué à enrichir le catalogue FND. D'abord Christine, Jenson et cette plage de son disque collage sortient en l'en 2000, Sylvan Veil, enregistré en compagnie notamment de son conjoint de l'époque Joel Miller au saxophone Thénor, de sa soeur Ingrid Jenson au bugle et le Bret Turner au piano.|stanley
dataset_french/wavs/stanley_0032.wav|L'ensemble du saxophone installe au remi-ball-de-duque avec ses confrères, Janice Stéphanez et Alexandre Côté au saxophone alto également, Steve Amiro au piano, Fraser Hollins à la contrebasse, Dave Lang à la batterie.|stanley
dataset_french/wavs/stanley_0033.wav|Cette version du stand-up embrace a bold youth et fraire George and I Roger Swin figure sur l'album Homage at Charlie Parker par eu en 2011. Album qui avait valu à Rimey Boyle Duke, le Felix du disc de Jazz de l'année.|stanley
dataset_french/wavs/stanley_0034.wav|Dans le prochain bloc, deux pianistes essentiels de la scène Montréalaises révélés notamment via leur disque par Uché Fendi. D'abord, John Rooney, entreillaud avec Zach Lowberg à la contre-basque Jim Doxie, s'est la batterie dans un extrait de son album, Rate of Change, paru en 2005, Weightlessness. Et puis, Jantiane M.G., ex-révélation Radio-Canada Jazz, une plage de son disque Wonderland, le premier mouvement du diptique épanime, comme Back.|stanley
dataset_french/wavs/stanley_0035.wav|Don't You Ever Give Up, Playing, Bebop, à nouveau Sonia Johnson au champ, l'une des invités du pianiste et compositeur Felix Stouci et son groupe Les Malcomodes sur l'album Les Malcomodes invite par lui en 2016. Le tromboniste américain Ré Anderson, le multi souffleur Jean de Rome, le trompétiste Jacques Couba Ségain, également Pierre Tanguele à la batterie et Daniel Lesser à la contrebasse.|stanley
dataset_french/wavs/stanley_0036.wav|Ce soir, je voulais dire un peu plus tôt, nous revenons sur les 25 ans d'existence de la maison de Disque Montréalais, FND, dans le catalogue, et une sorte de radiographie de l'évolution du jazz québécois au fil du dernier card de siècle. Je vous rappelle que vous trouverez sur la page Facebook de notre émission Uni Perlien, vers l'entrevue accordée par le contre-basiste Alain Bédard, co-fondateur et directeur du label, à mon ex-colleck d'ici musique Frédéric Cardin, qui œuvre au site défaut et de critique musical Panem 360.com.|stanley
dataset_french/wavs/stanley_0037.wav|Dans le prochain enchaînement, vous allez entendre notamment le saxophoniste québécois expatrié en France, François Téberge, dans l'une de ses rencontres au sommet avec leur regretté saxophoniste Lico Nitz tiré de l'album Music of Cogniz paru en 2002 chez FND et mettant également à contribution stéphane Belmond Dau à la trompette, nous écouterons Dream Stepper. Mais d'abord, voici le grand magnitou d'FND, Alain Bédard et son jazz lab Orchestra, la pièce qui va suivre nébuleuse, composition du pianiste Felix Stouci, figure sur l'album Quintessence paru en 2018.|stanley
dataset_french/wavs/stanley_0038.wav|Chico par le saxophoniste Jocelyn Ménard, musicien québécois installé dans les anti-francesses, et d'ailleurs soutenu ici par le pianiste Guadeloupe-Ian, à l'ingemarie, sur cette extrait de l'album Men Art Works, un paru en 2002 chez FN10.|stanley
dataset_french/wavs/stanley_0039.wav|Au sein du jazz lab Orchestra que nous écoutions tout à l'heure, il y avait deux ex-révelations radio-Canada Jazz, mais bonz-a-mille, le trompétiste Jacques Couba Ségain et le saxophoniste Samuel Blec, qui a été longtemps chronique à la cette émission et qui en a même tenu la barbe brièvement pendant mes vacances d'été dans la lointaine époque précovidienne.|stanley
dataset_french/wavs/stanley_0040.wav|Revois-ci Samuel Blay, il y a encore plus longtemps à la tête de son quartet avec Paul Schroffel au piano Morgan Moore à la contre-bas Robbie Cooster à la batterie sur la plage titre de l'album Where To Go gravé pour Effendi en 2007.|stanley
dataset_french/wavs/stanley_0041.wav|Open, une composition du contre-basiste Ron Seagain, au programme du disque Deadline, du pianiste Eric Harding, un disque fendi de 2001 qui m'était également à contribution franc-losano au saxophone et Michel Lambert à la batterie.|stanley
dataset_french/wavs/stanley_0042.wav|On poursuit avec un pianiste qu'on peut considérer comme un pilier de la maison Fendi, sous l'étiquette de laquelle il a publié tous ses albums depuis plus de 20 ans.|stanley
dataset_french/wavs/stanley_0044.wav|Écoutons la composition originale intitulée A-Trap.|stanley
dataset_french/wavs/stanley_0045.wav|La gueuse de Épar le vibratphoniste Jean-Vannas, une plage de l'album Mosaïque, au pluriel, datée de 2001, gravée par Vanas à la tête de son fameux Vanassextète, dont je ne sais de regretter la disparition.|stanley
dataset_french/wavs/stanley_0048.wav|Traveling Miles Lommage de Cassandra Wilson, autre hôpétiste de Miles Davis, une chanson qui donnait d'ailleurs son titre à l'album paru chez Blu-Nô dans 1999, l'année-même de l'attribution du prix Miles Davis par le Festival international de jazz de Montréal à Cassandra Wilson.|stanley
dataset_french/wavs/stanley_0049.wav|se prix attribuer annuellement, rentommage à un ou une artiste de jazz de renommée internationale, à son oeuvre ainsi qu'à sa contribution au renouvellement du genre.|stanley
dataset_french/wavs/stanley_0050.wav|Quel coïncidence que Cassandra Wilson, se le soit vu attribué au moment où elle honorait elle-même Mice Davis.|stanley
dataset_french/wavs/stanley_0051.wav|Il sera beaucoup question de coincidences et de synchronicité ce soir, alors que j'ai préparé pour vous un hommage à l'écrivain et Sinae à St-Américain, Paul Oster, dont on a appris hier le décès survenu ce mardi 30 avril à 77 ans.|stanley
dataset_french/wavs/stanley_0052.wav|Paul Astaire, dont les romans et les films sont farci de hasard que certains détracteurs pouvaient tirer par les cheveux au début de sa carrière.|stanley
dataset_french/wavs/stanley_0053.wav|soit dit en passant, un site chanson de Cassandra Wilson figureait sur la bande son du film Lulou en The Bridge, scénarisé et réalisé par Paul Astaire en 1998. Un film mettant en vedette RV, Kettle et Miracer Vino.|stanley
dataset_french/wavs/stanley_0054.wav|Nous reviendrons d'ailleurs à Lulou and Bridge un peu plus tard dans cette hommage, qui sera fait de chansons et de musique associés au livre et au film de Paul Astaire.|stanley
dataset_french/wavs/stanley_0055.wav|Pour le moment, je voulais vous proposer trois extraits d'un disque éblouissant du pianiste Jeff Gardner paru en 1999, également sous étiquette Naive. Gardner et les membres de son trio, D'Rougress, à la contrebasse, Tony Jefferson, à la batterie, et interprète des compositions originales du pianiste, tout inspirées des romans de polyster auquel elles empruntent leur titre.|stanley
dataset_french/wavs/stanley_0056.wav|On commence avec Mr. Vertigo, d'après le roman paru en 1994, des mettantes en scène Walt, un jeune orphelin élevé par un oncle méchant et une tante indifférente, qui fait la connaissance du mystérieux maître Yehouddi, qui lui promet de lui apprendre à voler.|stanley
dataset_french/wavs/stanley_0057.wav|Get up and go! Janika Reigns, il est Reignmaker, sur cette piste de Live Reign, discensregistré devant public au Time to Laugh, Camille de Club de Kingston en Ontario, en nous 2007, et Paris sous-étiquette Ignite la même année.|stanley
dataset_french/wavs/stanley_0058.wav|Guitariste et Autrice compositress Interprète, Janika Reins et Diplomé en Jazz de l'Université de Lille devant couvert. Elle se produit partout au Canada et aux États-Unis et assez régulièrement à Kingston ou elle réside.|stanley
dataset_french/wavs/stanley_0059.wav|Ganako qui également Pectun est dans toute la région du Prince Edward County. Elle se donnera en concert à la Wearing House de Pectun mercredi prochain à 19h.|stanley
dataset_french/wavs/stanley_0060.wav|Je vous le disais tout à l'heure, c'est le pianiste Gordon Scheer, qui donnera le coup d'envoi au festival de jazz, de Prince Edward County, au vingueble Classroom Chase, de Hillier, mais à credu prochain à 14 heures. En plus de cela, Scheer jouera en duo avec le saxophoneiste Perry White à la chapelle Glenwood, de Pectun, le samedi 17 ou à 10h30 le matin. Et les membres de son trio et lui animeront aussi la jam session au Regente Theatre.|stanley
dataset_french/wavs/stanley_0062.wav|On écoute ici une piste de son album, Crossbowle, par eu en 2006, s'est gravé en compagnie de John Johnson au saxophone sopranos, Scott Alexander, à la contrebas, Mark Calso, à la batterie, Rick Chadrak Lazare au Congard.|stanley
dataset_french/wavs/stanley_0063.wav|c'est une pièce en titulée de Giant Stoon.|stanley
dataset_french/wavs/stanley_0064.wav|Moon Palace, de Épar le pianiste Jeff Gardner à la tête de son trio, deuxième extrait pour ce soir de l'album de Music of Chance paru en 1999, cette pièce emprunte son titre au roman de Paul Astaire sorti dix ans plus tôt. Moon Palace, le livre met à t'enseine Marco Stanley Fogg, un étudiant sans le souk à meubler son appartement avec des caisses de livre, hérité de son oncle Victor qui l'a élevé. Et là, ce pour vivre, il est contraint de vendre les 10 livres, et lorsqu'il finit par perdre l'appartement, faut de pouvoir le payer, il n'en d'autres choix que d'aller vivre en itinérant dans Central Park. On y retrouve les thèmes récurrents de l'œuvre de Paul Astaire, la Cati d'Antiterre et une conception rousseauiste de la société qui est corruptrice par opposition à la nature qui est elle seule, pour évérer la luminie, ce qu'il a de vrai en lui.|stanley
dataset_french/wavs/stanley_0065.wav|J'ai retenu une troisième et dernière plage de l'album de Music of Chance, de Jeff Gardner, le Vyotin, d'après le roman dont la version française avait valu à Paul Oster, le médici s'est rangé en 1993. On y faisait la connaissance de Peter Aaron, un équivin, le narrateur de l'histoire dont Lamy Benjamin Sachs vienne mourir alors qu'il était en train de fabriquer une bombe artisanale.|stanley
dataset_french/wavs/stanley_0066.wav|s'attendant à la visite du FBI qui voudra l'interrogé sur ce qui a poussé son ami à vouloir devenir un terroriste, Aaron entreprend la rédaction de la biographie du disparu, né le 6 août 1945, quelle coincidence, le jour de l'explosion aérochima.|stanley
dataset_french/wavs/stanley_0067.wav|Sur cette pièce, la trompétiste Ingrid Jensen et le saxophoniste Rick Marguitza, qu'on a connu au côté de maise d'Evis, se joigne au trio de Jeff Gardner, voici le Vietan.|stanley
dataset_french/wavs/stanley_0068.wav|Brooklyn Buggie, de et par le trompétiste parfois chanteur, fantaisiste Louis Prima, un enregistrement classique intégré à la bande-son du film Smoke, réalisé par Win-Wing, d'après un scénario de polyster, un film de 1995 avec En vedette Harvey K. Hilton et William Hurnt qui incarne deux des personnages dont la vie gravite autour du Brooklyn Sagar Company, un débit de tabas de Brooklyn.|stanley
dataset_french/wavs/stanley_0069.wav|Paul Oster était amateur de jazz et un certain nombre d'artistes de jazz était friant de ses livres. C'est le cas notamment du pianiste Stéphane Olivac, qui faisait paraître en 2005 sous étiquette la buisonne, l'album Coincidence, au pluriel, inspiré de l'œuvre du romancier disparu avant-cière et enregistré en compagnie de Bruno chevillon à la contrebasse et à la machine à écrire. Olivac présentait son projet en ces termes.|stanley
dataset_french/wavs/stanley_0070.wav|Pour transposer en musique l'univers littéraire de Paul Oster, l'un de mes écrivains contemporains favoris, j'ai laissé librement parler de la musique et de se créer les coincidences. J'ai décliné la plupart des titres interprétés ici sous forme de ballade à l'en de la marche à l'errance en passant par la promenade et la fuite. Le résultat est une musique de 14 livres comme il existe une musique de film.|stanley
dataset_french/wavs/stanley_0071.wav|Comme les plages de ce disque sont très courtes, je vous en propose 3. My Brooklyn Buggy, Smoke Get In Your Eyes, un standard et la traversée.|stanley
dataset_french/wavs/stanley_0072.wav|C'est le 20-le-l'évo, Rochant et Opiano, entouré de Richard Baudet au saxophone Randi-Loros. À la trompette, Kelsey Grant, au trombone, Victor Angelilo. À la contrebasse, enfin, Gerard Masse, à la batterie, quelle beau souvenir, d'un concert donné au Cabaret le Lyon d'or. Parcest le 20-le-l'évo, récédé musicien à l'automne 2001.|stanley
dataset_french/wavs/stanley_0073.wav|Le coût du téléphone tiré de l'album Versen Jazz.|stanley
dataset_french/wavs/stanley_0074.wav|Imaginez un homme qui, pour se désennuyer, tente de se téléphoner à lui-même, mettons sur le répondeur. La prémice de cette chanson de l'olivere, quelque chose de proprement osterien, avant la lettre, puisque si le vent de l'olivere l'avait créé, bien avant l'émergence de Paul Oster sur la scène littéraire à New York-Case. N'empêche.|stanley
dataset_french/wavs/stanley_0075.wav|Lex Agente et Amie de Sylvain de L'Ièvre, Marie-Bujot, écrivait sur Facebook hier. C'est Sylvain qui m'a fait découvrir pas le stade. Il m'en parlait avec tant de plaisir et de passion à coup de citation. J'ai aussi tôt lu un premier roman et après, j'ai continué sans jamais me lasser. Les deux sont partis à la même date.|stanley
dataset_french/wavs/stanley_0076.wav|le 30 avril, coincidences et synchronicité quand vous nous teniez. Et d'ailleurs, en voici une autre de ces coincidences, dignes des romans de polystère en 1975, 23 ans avant la Perution du Romain, Tim Bouttou, en français, ton Bouttou.|stanley
dataset_french/wavs/stanley_0077.wav|Sylvain Le Liev créait sa chanson, Tom Boutto, et je lui laisse le soin de la présenter.|stanley
dataset_french/wavs/stanley_0078.wav|Sans cette part que le pianiste Brad Whiteley entouré notamment de Michael Hilton au saxophone Thénor et de Tom Guarna à la guitare, également Matt Pavelka à la contre-bas et Kenneth Salters à la batterie.|stanley
dataset_french/wavs/stanley_0079.wav|cette piste du disque Prisons paru en 2016 sous étiquette Destiny porte par hasard ou non, le même titre que un roman de Paul Oster sorti en 2010. Camper 8 ans après la crise économique de 2008, leur roman explore les thèmes de la culpabilité, de l'extinction des possibilités dans une société américaine désorientée.|stanley
dataset_french/wavs/stanley_0081.wav|toujours des gens blessés d'une manière ou d'une autre.|stanley
dataset_french/wavs/stanley_0082.wav|En 2003, Paul Osterlan, c'est Oracle Knight, la nuit de l'oracle en version française, porté par une réflexion sur les rapports entre l'art, la littérature et la vie.|stanley
dataset_french/wavs/stanley_0084.wav|composition du contre-basiste Dave Orland, enregistrant trio avec le pianiste Hank Jones et le bâteur Billy Eganes. C'est la plâche titre d'un disc MRC de 1990.|stanley
dataset_french/wavs/stanley_0085.wav|La prochaine portentite qui pourrait sembler familiar au lecteur, l'éctrice de Paul Astaire, de The Invention of Solitude, c'est un extrait de l'album Expressions du pianiste Richie Bayrak avec le saxophoniste Henrik Friske qui a d'ailleurs composé ce thème.|stanley
dataset_french/wavs/stanley_0086.wav|tiré de l'album Expressions, par eu en 1997, sous-étiquette Orn Blower, on écoute à ici d'une vansion de solitude, le pianiste Richie Baïraque et le saxophoniste Henrik Frisk.|stanley
dataset_french/wavs/stanley_0087.wav|Encore une fois, c'est peut-être une coincidence, mais cette composition, pour le même titre que le récit autobiographique, que Paul Osterf faisait paraître en 1982, il s'agissait de son premier ouvrage en prose après avoir revoir un vrai surtout comme poète. Ce livre se divisait en deux parties, portrait de l'homme invisible, qui relâtait la mort subite du père de Paul Oster et la découverte par Oster, des événements dramatiques qui avaient forgé le caractère de son papa, des son plus jeune âge. Et puis, le livre de la mémoire dans lequel l'auteur expliquait sa fascination pour les thèmes du hasard du destin et de la solitude qui deviendrait récuraire dans son œuvre romanesque.|stanley
dataset_french/wavs/stanley_0088.wav|Depuis plusieurs années, le trompétiste et compositeur retrichien Michael Mantler s'est amusé à mélanger littérature, musique de chambre et élément de jazz et de pop.|stanley
dataset_french/wavs/stanley_0089.wav|Précédemment, il avait mis en musique des textes de Beckett, Pinter, Ungarretti, et d'autres poètes hydramatures du XXIe siècle. Son œuvre Heiden Sieg s'inspire d'une pièce de théâtre signée Paul Astaire, c'était d'ailleurs la première fois que Michael Mantler collaborait directement avec un écrit vin contemporain et vivant.|stanley
dataset_french/wavs/stanley_0090.wav|Je vous propose trois extraits de ce disque, un cm par eu en 2001, un set, number one, what did you say, et un set, number two.|stanley
dataset_french/wavs/stanley_0091.wav|Devil Drums par la formation Bo Hanks, sextet. Une pièce qui était intégrée à la banse son du film Lulu Underbridge, réalisé et sénarisé par Paul Oster.|stanley
dataset_french/wavs/stanley_0092.wav|sorti en 1998 et mettant en vedette RV KITL.|stanley
dataset_french/wavs/stanley_0093.wav|Comme il dit « Infetiche » le Paul Astaire, ce film aux accents fantastiques, puis le parcours d'un saxophoniste de jazz gris, vêtement blessé, au cours d'une fusillade, survenu dans le club New Yorker où il était en train de se produire.|stanley
dataset_french/wavs/stanley_0094.wav|A propos de son rapport à New York théâtre de la plupart de ses oeuvres littéraires ou filmiques, Paul Oster disait, parfois New York est le centre de l'histoire parfois, elle n'en est que la périphérie. New York vit où je vit et où j'écris, est une image qui vit dans ma réalité et dans mes fiction.|stanley
dataset_french/wavs/stanley_0095.wav|Je vous rappelle que les crimes de Paul Oster étaient un aventière le 30 avril à l'âge de 77 ans emporté par le cancer du poumon.|stanley
dataset_french/wavs/stanley_0096.wav|Sur la bande-son de son film, Lulu Run the Bridge en retrouvait également le morceau Combaz Dance du pianiste franco-américain Jacques-Iterreasson.|stanley
dataset_french/wavs/stanley_0097.wav|Je vous propose d'écouter la version de ce thème gravée devant public le 14 juin 1997 par Terra-san et ses complices Ougona Okuego. A la contrebasse, Lion Parker à la batterie.|stanley
dataset_french/wavs/stanley_0098.wav|C'est une plage de l'album Alive du trio de Jacques Iterasson, un disque Blue Note de 1998.|stanley
dataset_french/wavs/stanley_0099.wav|Sur la bande-son du film Lulouon de Bridge réalisé et sénagé par Paul Astaire, on pouvait aussi entendre ce morceau du trio New York Ham and Eski Martin and Wood, intitulé Sugar Craft.|stanley
dataset_french/wavs/stanley_0100.wav|À l'origine de la pièce figureait sur le 5ème album de la formation comme Justification, qui marquait son entrée en 1998 dans les Curie Blu-Nose pour lequel, mais est-ce qu'il m'art en une wood enregistrerait jusqu'en 2006?|stanley
dataset_french/wavs/stanley_0101.wav|Formée en 1991, le groupe se composait du clavieriste John Medesky, du bataire percussionniste Billy Martin et du bassiste contre bassiste Chris Wood. Medesky Martin and Wood proposait un jazz ouvert à divers courants musiquaux contemporains telles que le hip-hop, le funk et le rock.|stanley
dataset_french/wavs/stanley_0102.wav|Parmi les autres chansons prêts existantes, intégrées à la banque de son de ce film Le Loup On The Bridge, il y avait ce titre créé en 1958 par la môme Édite Piaf pour le label par l'eau faune. Je me souviens d'une chanson.|stanley
dataset_french/wavs/stanley_0103.wav|Ce choix témoigne de l'affection de polyster pour la culture française. En effet, après l'obtention d'un bac à l'Orea et d'une maîtrise de l'Université Colombian-Uyork, polyster avait vécu à Paris où il gagnait sa vie en traduisant des oeuvres décrivées français dont Stéphane Mallarmée, Maurice Blanchot, Joseph Joubert, entre autres médecis qui l'a mené.|stanley
dataset_french/wavs/stanley_0104.wav|Voici Edit Piaf.|stanley
dataset_french/wavs/stanley_0106.wav|Le stand-up after you've gone. Don't I La Watson a chance to be a singer by the pianist James Galfin?|stanley
dataset_french/wavs/stanley_0107.wav|Dans Tyler, se produit au galade et capacité avec notamment le trompétiste Roger Walls, le pianiste Johnson de Où, le contre-basiste Dave Watts, s'est au masse Hall sur la rue Notre-Dame, à Lachin demain à 18h.|stanley
dataset_french/wavs/stanley_0108.wav|À l'émission ce soir, j'aurais pas mal d'autres concerts à vous signaler et vous recommander. Nous écoutrons un notamment ensemble la formation de Brox, les pianistes et clavieristes Olivier Mme Dormillette, Raphaël Zaldivard, Marie-Anne Trudelle, Eric Arding, Anthony Dalessandreau.|stanley
dataset_french/wavs/stanley_0109.wav|Torrebaren Brichael Brich|stanley
dataset_french/wavs/stanley_0110.wav|Il y aura bien quelques trompettes dans ma sélection de ce soir, notamment celle d'Awan Chao, au sein du groupe West Carol Confedulation, et celle de Benny Benach de Turd.|stanley
dataset_french/wavs/stanley_0111.wav|Les passionnés de saxophone parmi vous ne seront pas en reste puisque nous prêterons également l'oreille à Louis Denys, Corey Weeds, David French et John Gordon.|stanley
dataset_french/wavs/stanley_0112.wav|Pour celles et ceux, d'entre vous qui ne le connaîtraient pas, le New Yorker John Gordon a remporté en 1996 le premier prix de la Competition International de saxophone jazz, Thelonius Monk. Il enseigne actuellement le jazz à l'Université du Manitoba Winnie Peck.|stanley
dataset_french/wavs/stanley_0113.wav|Son groupe et lui ont établi résidence au club Rex de Toronto ce soir, ils y seront jusqu'à samedi inclusivement, chaque soir à 20 heures.|stanley
dataset_french/wavs/stanley_0114.wav|On écoute un extrait de l'album John Gordon Quartet Quintet, along de Ways, le standard Body & Soul.|stanley
dataset_french/wavs/stanley_0115.wav|Plus belle que toutes les rivières de Épar, le guitarriste Thomas Carbou, entouré de David Leibman, au saxophone soprano Thomas Morgan, à la contrebasse et Dan Vice à la batterie, c'est un extrait du discrefour more.|stanley
dataset_french/wavs/stanley_0116.wav|que Thomas Carbouf a fait paraître chez Twins en 2005. Je voulais surtout attirer votre attention sur le bataire New Yorker Dan Rice, qui sera de passage dans la Ville Reine. Son groupe se produit au Rex de Toronto dimanche et lundi prochain, chaque soir à 20 heures.|stanley
dataset_french/wavs/stanley_0118.wav|Enregistré en compagnie de Mark Godfrey à la contrebasse et de Will Fisher à la batterie. Voici The Bear House.|stanley
dataset_french/wavs/stanley_0119.wav|Mysterious Visitor, une plage de Badenath for Gotten, un disque du vibrafoniste Greg Rounions, à la tête de son groupe avec notamment Kenny Wheeler au bugle Andrew Rathburn au saxophone.|stanley
dataset_french/wavs/stanley_0120.wav|C'est une production sortie en 1997, mais je voulais surtout attirer votre attention sur Dan Barton, compositeur de ce thème et guitarriste sur cet enregistrement.|stanley
dataset_french/wavs/stanley_0121.wav|que l'on pourrait voir et entendre dans le cadre du festival de Jazz, de Prince Edward County.|stanley
dataset_french/wavs/stanley_0122.wav|au off-state winery de Bloomfield, jeudi prochain à 14h.|stanley
dataset_french/wavs/stanley_0123.wav|Le même jour, à la même heure, la guitareuse des chanteuses Daniel Bacells se produit à la Sandbanks Winery de Wellington, comme quoi le festival donnera au Mélaman en bara du choix.|stanley
dataset_french/wavs/stanley_0124.wav|Je vous propose d'écouter un extrait de l'album What About Wool, Wishbacks, que cet artiste tourne-toise au Carfort du Swing, du Blues et du Folk faisait paraître en 2017, Little Boats. Tout de suite après, nous écouterons Rootseller Buggie, de et par l'autrice composité et s'interprète, Lannister Word, qui elle chante à la Merritt House de Pectun, toujours le jeu D15 ou à 17h dans le cadre d'un soupé spectacle agrémenté par la cuisine du chef Michael Sullivan. Lannister Word se produira aussi aux standards-villards de Illier, le 17h ou à 14h, et puis à la Wearing House de Pectun, du côté du Barley Room Pub, ce samedi-là également à 19h.|stanley
dataset_french/wavs/stanley_0125.wav|Black Tea, Black, une composition du saxophoniste David French. En mai 2011 au moment de la sortie de Dance of the Beast, le premier album, French, Carrie Dool, du magazine web exclé, me qualifier ce disque de très impressionnant, et note que les complices du leader bénéficial lors d'une plus grande notoriété que lui. On parle ici du guitarriste Redge, Schwager, du contre bassiste Andrew Downing, et du bâteur Nick Fraser, tous des artistes de premier plan sur la scène Torontoise. Dance of the Beast avait paru sous étiquette, Cellar Live. David French se produit entre yo au jazz bistro de Toronto, le mercredi 8 mai prochain à 20 heures.|stanley
dataset_french/wavs/stanley_0126.wav|Entre temps, du côté de Montréal, le pianiste Torrey Butler dit que je ralue aussi son trio, c'est au club upstairs demain à 19h21h30. On écoute la plage titre de son plus récent album, enregistré avec Morgan Moore à la contrebasse et Wally Muhammad à la batterie, One of the Others.|stanley
dataset_french/wavs/stanley_0127.wav|Star Blues, première et deuxième partie, une chanson de l'autre est compositrice interprète Andrea Superstein, tirée de son album World The Part, enregistré en compagnie de Michael O'Kypinti à la guitare, de Jacques Coupa s'éguin la trompette, Eric Hove, au saxophone, John Roney, au clavier, rémigène le blanc à la contre-bas et en fait Mark Nelson à la batterie.|stanley
dataset_french/wavs/stanley_0129.wav|Le trompétiste et chanteur New Yorker, Benny Benak, The Turd, se produisait ce soir avec le Fox Big Band en concert à Lyronwood Station Grill de Calgary.|stanley
dataset_french/wavs/stanley_0130.wav|Il se joinera au groupe du saxophoniste Corey Weed, au club Frank East, devant couvert samedi et dimanche à 20 h, alors du Pacifique.|stanley
dataset_french/wavs/stanley_0131.wav|Benak préside régalement la jam session de Finsoir et du même club, samedi à 23 heures à Rdu Pacifique.|stanley
dataset_french/wavs/stanley_0132.wav|Je vous propose un triplé mettant de la van le talent de cette étoile montante du jazz contemporain. D'abord, Vancouver Fall, un extrait de l'album Volary du pianiste Antonio Chacha, avec Corey Weitz au saxophone-tenant et Beni Benac de Turde à la trompette.|stanley
dataset_french/wavs/stanley_0133.wav|Suivra One of a Kind, une extraie de l'album du même titre orchestré par Benny Benach avec le pianiste Emmett Cohen.|stanley
dataset_french/wavs/stanley_0134.wav|Mais, dernière pièce de notre triplé autour du trompétiste Beni Benak de Turd, blues for the Down and Out composition d'Antonis d'Alesandero, pianiste s'est tiré de son tour et s'en discute searchin, enregistré avec Benak à la trompette Ernesto Cervini à la batterie in Hillsway & Sun à la contrebasse. Je vous rappelle que le trompétiste et chanteur New York à Beni Benak de Turd se joindra au groupe du saxophoniste Corey Weeds, au club Frankie's devant couvert samedi et dimanche, 20 heures hors du Pacifique, et qu'il présidera aussi Beni Benak, la jam session de fin de soirée du même club samedi à 23 heures.|stanley
dataset_french/wavs/stanley_0135.wav|Également au club franquis mais la veille vendredi à 23h, le contre-basiste Juno, entouré Darwin Chow à la trompette et de Carl de Young à la batterie, se produira sur place. Je n'ai pas trouvé d'enregistrement de Juno ni avec cette formation ni avec une autre, mais on va écouter Owen Chow au sein de la formation West Carol Confabulation, mené par le guitarriste West Carol de l'album Elephant in the Sea.|stanley
dataset_french/wavs/stanley_0136.wav|Cedar Wood, composition du pianiste Eric Harding, on retrouve sur son disque Deadline par UGFNZ en 2001, enregistré avec Frank Losano au saxophone Ron Seagain à la contre-bas et Michel Lambert à la batterie.|stanley
dataset_french/wavs/stanley_0137.wav|Il y a longtemps qu'on a paus la chance de voir et d'entendre le pianiste Eric Harden qu'on avait notamment connu au sein de l'ensemble du recrété bataire Bernard Primo.|stanley
dataset_french/wavs/stanley_0139.wav|Voici une extraie de l'album Time Po'Hum, la joie de l'effet mère que Marianne avait gravé en compagnie de rémigant le blanc à la base et de John Orlund Beck à la batterie.|stanley
dataset_french/wavs/stanley_0140.wav|Composition originale de l'organiste Olivier Mador-Millette, tirée de son disque live au Saint-Angèle, enregistré avec Adam Woff et André La rue au saxophone Didier-Archambault, à la guitare Loïc du Sableon à la batterie.|stanley
dataset_french/wavs/stanley_0141.wav|Olivier Mme Ador-Millette sera au dimanche orgue du Saint-Angèle, comme d'habitude. Dans le vieux Québec, les 5 et 12 méprochants à 21 heures sera également au sein du Pulseur Triéo à l'Anglicane de les villes 11 méprochants à 19h30.|stanley
dataset_french/wavs/stanley_0142.wav|La formation, Fank Moriales de Brox, se produit au théâtre Gil Vigno de Saint-Gérôme demain à 20 heures. Ce sera peut-être notre dernier occasion de voir le groupe avant qu'il reparte pour une tournée européenne qui durera probablement tout l'été. Voici la plus récente chanson publiée par de Brox sous nos Icons.|stanley
dataset_french/wavs/stanley_0143.wav|Au microphone d'ici musique, Sten Lepéin, bienvenue à votre rendez-vous jazz de Fin Soiré.|stanley
dataset_french/wavs/stanley_0144.wav|un classique de Mongo Santa Maria interprété par la Grande Dianne Reeves sur son disc «I remember » par du sous-éthiquette Blu-nault en 1991. Une chanson parfaite pour lancer notre soirée qui soulingra les origines du jazz et sa nature invariablement métissée.|stanley
dataset_french/wavs/stanley_0145.wav|Ici Éparl UNESCO en 2011, et fixé dès lors le 30 avril de chaque année, la journée internationale du jazz a pour fonction de mettre en avant le jazz et son rôle diplomatique d'unification des peuples partout dans le monde.|stanley
dataset_french/wavs/stanley_0146.wav|L'édition 2024 de cette journée s'est librée dans plus de 190 pays, a eu lieu à tanger au Maroc, étrangement, c'est la première fois que une ville du continent africain accueillait la manifestation étrangement contenu des racines africaines du jazz.|stanley
dataset_french/wavs/stanley_0148.wav|Ce soir, nous écoutons des musiques qui témoignent de cette universality de la contribution majeure des États-Unis au patrimoine culturel mondial, comme du message perpetuel du jazz qui n'a jamais cessé d'intégrer des apports exotiques à son cours en principal.|stanley
dataset_french/wavs/stanley_0149.wav|Nous écuterons des artistes états-unis, certes des Kibbequois et Canadien d'origine diverse, des artistes originaires d'Amérique Latine, du Moyen-Orient et de l'Afrique.|stanley
dataset_french/wavs/stanley_0150.wav|Començons avec Delibit de Jouarder, chantueuse américaine pendant longtemps expatriée en France, qui s'est offert au milieu des années 2000, pêlerinage au malitère de ses ancêtres. Cette démarche artistique espérituelle a ramené Delibit de Jouarder jusqu'au racine du Grand-Tabre encore bien planté dans le terre au rouge Malien.|stanley
dataset_french/wavs/stanley_0151.wav|Selon les plages, le discre-red Earth sorti en 2007, mais bellement en contribution la cora de Tumanie Diabatée, les voix d'humus en garrés et ramata de diakite.|stanley
dataset_french/wavs/stanley_0152.wav|ainsi que le piano d'Hetzal Gomez, la contre-bas de R.C. La batterie de Minino Garais, les percussions de Baba Sisoko et d'Adam Mahadjara, sans oublier la flotte d'Ali Wage.|stanley
dataset_french/wavs/stanley_0153.wav|Écoutons une lecture africanisée du thème de Winchorter Footprints.|stanley
dataset_french/wavs/stanley_0154.wav|l'African women inspiré de four women Denis Nancimon, manifeste féministe Petrie de Collère Noir. La version actualisée porte la grève de Somie. Laura Kabasomi Kakaoma de son vrai nom. Chanteuse compositrice dramaturge et comédienne d'origine ronddèse et ou Gandèse, qui fut en 2020 la première africaine à se retrouver en liste pour un grammy dans la catégorie Jazz.|stanley
dataset_french/wavs/stanley_0155.wav|Cette chanson intérêt de son album de Lagoose Music Salon paru en 2014 sous étiquette OK.|stanley
dataset_french/wavs/stanley_0156.wav|Résumant, j'ai redécouvert avec vous l'album « Bellemondos » et « Milton a Chimaintou » réunissant les frères Lionel et Stéphane Bellemondos, respectivement saxophoniste et trombétiste français, et le monstre sacré des musiques populaires brésiliennes « Milton a Chimaintou »|stanley
dataset_french/wavs/stanley_0157.wav|un disque Biflat de 2008. Ce soir, nous en écoutons une autre piste, Pontage et Arrea, rappelons que Lionel Belmondo a côtoyé le week-end dernier son homologue québécois, Yannick Rieu, au 10 ans, ainsi qu'au café, co-op, Balmaski de Saint-Gabriel de Branden, et qu'ils ont dans leur carton un ambitieux projet autour des oeuvres de Ravel et de Brahms.|stanley
dataset_french/wavs/stanley_0158.wav|son album Hanekom paru en 2014 sous étiquette F&D, le saxophoniste Joe Miller, en détomage à la vibrante scène Montréalais des musices du monde, qui influencit son approche au fil des années.|stanley
dataset_french/wavs/stanley_0160.wav|le morceau que vous venez d'entendre à petite salsacol train.|stanley
dataset_french/wavs/stanley_0161.wav|Dans la poursuite de notre thématique du Métissage du Jazz Contemporain, je ne pouvais m'empêcher de programmer cet extrait de l'album Village de Fue, mon ami de Trumpetiste Wallace Ronny, un disco Warner, 1997. Avec assez côté son frère Antoine Ronny au saxophone, son épouse de l'époque Jerry Allen, au piano Robert Irving the Turb, dans l'ancien compagnon de rôtes de maise d'évés au clavier Lenny White à la batterie, Wallace Ronny experimentait avec des rythmes traditionnels africains. On écoute la plage éponyme de ce disc Village.|stanley
dataset_french/wavs/stanley_0162.wav|J'ai eu le plaisir d'assister au concert que Donnell trompé tiste rémis cornier, révélation Radio-Canada Jazz 2023-2020, 4 sous l'emblématique d'hôme du festival Jazz et Blues de Sagnais la semaine dernière.|stanley
dataset_french/wavs/stanley_0163.wav|Ces musiciens éluis ont livré une prestation époustoufflante, notamment Abdel Grouse, au Gameris, cet instrument de musique accord de Pinsée, qu'on trouve principalement en Afrique du Nord, au Maroc, en Algérien Tunisie, ainsi qu'au Mellie.|stanley
dataset_french/wavs/stanley_0164.wav|C'était probablement la dernière prestation de Remy à titre de révélation radio-Canada Jazz, à l'identité de son successeur ou de sa successeurre, sera bientôt dévoilée.|stanley
dataset_french/wavs/stanley_0165.wav|The Hike, que nous écoutions à l'instant, a été le premier extrait publié de son album, Glims, sorti en 2022.|stanley
dataset_french/wavs/stanley_0167.wav|Trompétiste compositeur et professeur de musique, détenteur d'une maîtrise du Berkeley Global Jazz Institute, Andrew McAnge, Enne et Agrandi, à Cambridge, en Ontario. Fluancier par la musique de Mars Davis de John Coltrane, il s'est vite imposé sur la scène torontoise.|stanley
dataset_french/wavs/stanley_0168.wav|Ce morceau Utopia Part 2, composé par lui, figure sur son discat Illustrations sorti en 2016, enregistré avec notamment Jeff La Rochelle au saxophone Thénault, PJ Anderson au Trombone.|stanley
dataset_french/wavs/stanley_0169.wav|Dans le cadre du festival de jazz, de Prince Edward County, un roule-mèque-enche se produit à la Wearing House de Picton, du côté du Barley Room Pub, je dis 15 ou 19 heures.|stanley
dataset_french/wavs/stanley_0170.wav|Le même soir à 19h30 du côté de l'Église-Anglican, Saint-Marie McDallan.|stanley
dataset_french/wavs/stanley_0171.wav|De Picton toujours, la percussionniste Joy-lapse donnera son concert à l'ingense et musique caribéenne.|stanley
dataset_french/wavs/stanley_0172.wav|Vous vous rappellerez peut-être d'avoir entendu cette prodigieuse musicienne au côté de son mari, le Bâteur Larnal de Wiss, dont nous avions retransmis en direct à cette émission la prestation au Festival International de jazz de Montréal, en juillet 2022, du temps où, quand le jazz est là, avait payé pignon sur rue sur le site de l'événement.|stanley
dataset_french/wavs/stanley_0173.wav|Voici justement Joy-lapse au Steel Drum et à la tête de son groupe avec l'Arnels Louis à la batterie sur cette piste de son album Girl in the Yard de Paris en 2022. Écoutez-on Eyes of Améralis.|stanley
dataset_french/wavs/stanley_0174.wav|Tommy Changi, une plage de rhomba, le plus récent disque du pianiste Montréalais d'origine Cubaine Raphaël Zaldivard, un disque fendis de 2022 où il coup.|stanley
dataset_french/wavs/stanley_0175.wav|Un disque FND de 2022 où il côtoit de vieux complices Montréalais, rémigant le blanc à la contre-basse, les trompétistes jostes l'incouture, Randi Loro et Rémi Cormiens-Nouveau, les saxophonistes Jean-Pierre Zanéla. Et...|stanley
dataset_french/wavs/stanley_0176.wav|Les saxophonistes Jean-Pierre Zanéla et André Lourou, ainsi Commando Garciasse aux percussion et Terrelin Carrington à la bête.|stanley
dataset_french/wavs/stanley_0177.wav|d'un pianiste Cubain à un autre, la prochaine pièce à notre programme est tirée de l'album « Alma » né en 2012 de la collaboration entre le compositeur et pianiste au mars au SA et le trompétiste et bugliste Sard par l'eau flessout.|stanley
dataset_french/wavs/stanley_0178.wav|Sous ça avait précédemment invité par l'offre de l'Oflessio à ce joint de rasson groupe le temps de un concert au studio NDR, en Bours, en 2006, ce qui a avouti à la sortie d'un album Live Intitulé Promise en 2007. Les deux musiciens ont tourné ensemble en Italie en juillet 2009, ce qui leur a permis d'affronter leur alchimie musicale et mener à concevoir un autre enregistrement du haut, mais comme ils sont tous les deux admirateurs du violon céliste brésilien, chakest, mollelene, barme.|stanley
dataset_french/wavs/stanley_0179.wav|SOSSA efflés sous l'an invité à participer au projet, écoutant une verne aux grigieux.|stanley
dataset_french/wavs/stanley_0180.wav|Sur Bonnefeuil de son 6ème album, sorti le 22 avril 2013 sous Étiquette Universal, le chanteur ébasiste d'origine camarounaise, Richard Bonna mélange allègrement jazz, pop-africaine et tango. On en écoutait ici la plage intitulée Mout et Soukou Dou, qui désigne le iBouh en langue doualah. Michael Rodriguez était ici à la trompette.|stanley
dataset_french/wavs/stanley_0181.wav|Je vous propose maintenant de remonter vers le nord de l'Afrique un compagné de l'oudiste virtuose Anouar Braim. Nous écoutons la plage titre de l'album Le Paix du Chinois, le 8e album de ce musicien Tunisien, paru en 2002 sous étiquette ECM. Pour citer le critique Chris Nixon du cit all music.com, Braim est un musicien contemplatif et la fusion avec le piano de François Couturier et l'accord desion de Jean-Louis Matignier, de musicien français, convient parfaitement à son.|stanley
dataset_french/wavs/stanley_0182.wav|Souvenir de l'un des plus beaux moments partagés avec mon amoureuse lors de l'édition 2023 du Festival international de jazz de Montréal en juillet dernier, le concert de Naisam Jalal, flutiste et compositrice française d'origine syrienne. Cette composition originale qu'elle a intitulée rituelle du soleil est issue de son album Healing Vetch Wars par une l'un dernier sous étiquette couleur du sang.|stanley
dataset_french/wavs/stanley_0183.wav|L'intégration d'éléments de musique orientale dans le jazz ne date pas d'hier et parmi les premiers artistes affronts américains qui se sont résolument aventurés dans cette voile, faussité William & Manuel Adolston, plus connus sous son nom de UCF Latif. Multiestrumentiste et compositeur, né le 9 octobre 1920, à Chathenouga dans le Tennessee décédé le 23 décembre 2013 à Schuttsbury.|stanley
dataset_french/wavs/stanley_0185.wav|de son album Eastern Sound, par U.S. Prestige, en 1961, écoutons blues for the Orient.|stanley
dataset_french/wavs/stanley_0187.wav|Après avoir parlé avec des gens de ma famille, j'ai senti le besoin de me reconnecter avec Méracine. J'en ai parlé à mon grand-père, mais il avait honte d'assumer ça. J'ai poussé plus loin, j'ai retrouvé des ancêtres aux États-Unis au Canada, particulièrement chez les Anishina B.|stanley
dataset_french/wavs/stanley_0188.wav|Du côté de ma mère, j'ai retrouvé un corps des bois qui a marie une indienne. Il y a aussi une filiation avec les canaches qui a...|stanley
dataset_french/wavs/stanley_0189.wav|et qui vivait un peu en bas des grands lacs. Il y a aussi une filière, Mike Mac, un peu plus long-hétene du côté de mon père. Je suis un vrai métis. Et ces origines sont bien mises en valeur dans son travail, à la direction de son groupe, Kawandaak, avec notamment sa conjointe Annie Poulin, et Michel Faubert au champ s'il vint provoble à la guitare.|stanley
dataset_french/wavs/stanley_0190.wav|Cette version du traditionnel de Prisoner Song figure sur l'album Kawanda Kaka Nagana.|stanley
dataset_french/wavs/stanley_0191.wav|On enchaîne avec l'omage du pianiste Jean-François Grou, aux nations précolombiennes du continent américain, avant nous.|stanley
dataset_french/wavs/stanley_0192.wav|L'Hedel spirit composition de la apianiste Saskattoise René Rossnus, qui a grandi dans une famille adoptive et découvert sur le tard ses origines Sik et Ben Jabi, du côté de sa mère biologique et Irlandaise et Cossès, du côté de son géniteur L'Hedel spirit figure sur son disc Arden Soul, un discoblue ou notre de 1999.|stanley
dataset_french/wavs/stanley_0193.wav|Si l'on en croit, le pianiste est compositeur Herbie Uncock en bassadeur de bonne volonté de l'UNESCO et qui présidaient à la tenue de la journée internationale du jazz à Tanger au Maroc aujourd'hui. Le jazz a un esprit d'ouverture qui nous appelle tous à regarder haut de là de nos différences, non seulement en brisant les barrières, mais aussi en favorisant la paix.|stanley
dataset_french/wavs/stanley_0194.wav|Je vous propose d'écouter cet appel à la paix et à l'harmonie universelle écriée composée par John Lennon revisité en 2010 par Herbie & Cox sur son album The Imagine Project avec Pink, Seal, India Ari, Fatou Matadyawara et Umousangare Oshan, voici Imagine|stanley
dataset_french/wavs/stanley_0196.wav|de retour de Sagnais, d'où vous sont parvenus mes émissions de la semaine dernière, à l'occasion de la tenue du Festival Jazz et Blues de Sagnais, je vous présente ce soir une émission fort différente de celle que j'avais prévue.|stanley
dataset_french/wavs/stanley_0198.wav|Pour faire écho à cette nouvelle dont il a été à bon d'amens question sur nos ondes et dans l'ensemble des médias d'ici, j'ai choisi de consacrer la première partie de notre programme à des relectures de grandes chansons signées, fermant.|stanley
dataset_french/wavs/stanley_0199.wav|En fin d'émission, nous rendrons aussi homage aux clarinétistes compositeurs et chef d'orchestre Phil Neumannes, qui nous a quitté lui il y a trois semaines. Au moment de son décès, à la jeunerable de 100 ans que je vous avais annoncé, je vous avais promis de saluer son départ convenablement, mais je me suis retrouvé pris dans le tourbillon du festival Jazz et Blues de Sagnais.|stanley
dataset_french/wavs/stanley_0200.wav|J'y arrive enfin dans notre dernière demi-heure de ce soir avec quelques extraits choisi de sa riche discographie. Entre les deux, je l'ai vruis mon chapeau à la maison de Disque Montréalaises, FND.|stanley
dataset_french/wavs/stanley_0201.wav|qui fait deux mains au cabaret Lyon d'Or, c'est 25 ans d'existence avec un happening musical qui soulignera l'exceptionnel contribution du label au développement du jazz d'ici.|stanley
dataset_french/wavs/stanley_0202.wav|Pour le moment revenons à Jean-Pierre Ferlan, au chanson de qui Alex B consacrait il y a 10 ans l'album Ferlan par la bouche d'une femme, écoutons que veux-tu que je te dise.|stanley
dataset_french/wavs/stanley_0203.wav|Dans ce bloc musical, vous avez entendu le pianiste et chanteur Jean-François L'embaire et son interprétation de Tébel, de Jean-Pierre Ferlan, une plage de l'album Le Jazz de Mon pays que L'embaire lancé en 2014.|stanley
dataset_french/wavs/stanley_0204.wav|Suivait le regretté pianiste Vick Vogel et sa version instrumentale de « Je reviens chez nous » peut-être la première chanson de faire l'enquête, j'ai entendu et qui m'avait marqué dans mon enfance avec son évocation d'une tempête de neige fictive dans ma ville natale de pauvre prince. Il s'agit d'une piste de « Je me souviens mon piano », un disque « VV Paris en 1999 ».|stanley
dataset_french/wavs/stanley_0205.wav|Écoutez-on maintenant que Bambe vaut chez l'adaptation un portugabrésilien par Bia de la chanson, une chance qu'on s'a de faire là.|stanley
dataset_french/wavs/stanley_0206.wav|né le 24 juin 1934 à Montréal, décédé samedi dernier à Saint Gabriel de Brandon, le prolifique Jean-Pierre Ferlan, à laisser derrière lui un vaste héritage musical, près d'une cinquantaine d'albums et 500 chansons.|stanley
dataset_french/wavs/stanley_0207.wav|Son disc que le plus célèbre reste sans contredi l'album Joe, une paru en 1970 dont cette chanson, le chat du café des artistes, co-signé avec Michel Robidou et l'une des pièces de résistance. On en écoutait la relecture par Karen Young qui l'a gravé en 1989 sur son disc Good News on the Crumbling Wars.|stanley
dataset_french/wavs/stanley_0208.wav|On va clor cette portion d'émission en hommage à Jean-Pierre Lent avec la reprise d'une chanson créée par lui. En 1969, il est paru sur un micro-cion du même titre un peu plus loin, sorti la même année. Rebatisé un peu plus haut, un peu plus loin, la chanson fait son entrée au pantheon des auteurs et compositeurs canadien en 2003.|stanley
dataset_french/wavs/stanley_0209.wav|Mais en 1975, cette chance au marque les esprits lorsque Jean-âtre Noël a un livre une interprétation historique.|stanley
dataset_french/wavs/stanley_0211.wav|En 2008, lors du 4e anniversaire de la ville de Québec, Génétrenaux reprend son succès en duo avec Céline Dillon.|stanley
dataset_french/wavs/stanley_0212.wav|Voici la version du Montréal Jasclub menée par l'amiral Antony Resoncovich au piano, avec Martin May et Freddy James au champ.|stanley
dataset_french/wavs/stanley_0213.wav|Good news, une chanson extraite de l'album Hook. Le deuxième de la formation, Dizzy and Faye, Mon coup de coeur du festival Jazz et Blues de Sagnais qui a pris fin à 10 oeufs.|stanley
dataset_french/wavs/stanley_0214.wav|Désiènes fait que je découvrais enfin sur scène après vous les avoir fait entendre sur leur premier disque, c'est Amanda Walter O'Sham et Marc Lalama au piano.|stanley
dataset_french/wavs/stanley_0215.wav|Le duo se distingue avec un répertoire original au délicieux parfum d'entendre des chansons écrites et composés dans le plus pur style du Great American Songbook, le grand répertoire de la Chanson populaire américaine, d'où provient la major partie de ce qu'on appelle les standards de jazz.|stanley
dataset_french/wavs/stanley_0216.wav|L'album Hooked, l'heure deuxième, apparu en 2022 sous étiquette Fisidée. Il a été enregistrant en compagnie de grands solistes de la scène Jaster Antois, William Korn, Autrombone, Jason Log, à la trompette Johnny Johnson, au saxophone Drew, Uleca, au violon, avec le soutien de l'orchestre philharmonique de la cité de Prague sous la direction d'Adam Clemens.|stanley
dataset_french/wavs/stanley_0217.wav|En souvenir de l'excellent début soirée, passez à les écouter samedi soir, je vous fais entendre la chanson titre de l'album.|stanley
dataset_french/wavs/stanley_0218.wav|L'une et Marie composition du contre-basiste Alain Bédard, interrété par lui à la tête du Jazz Lab Orchestra, la formation protéiforme emblématique du label FND.|stanley
dataset_french/wavs/stanley_0219.wav|Au sein de l'orchestre sur l'album, L'Augus, la bus Musiqueuse parui en 2020, il y avait deux excrévelations en Radio-Canada Jazz, le trompétiste Jacques Coupasséguin et le saxophoniste Samuel Blay. Également, Mario Allard a la clarinette, Felix Tussi, Opiehano, et puis Michel Lambert à la batterie.|stanley
dataset_french/wavs/stanley_0220.wav|Demain dans le cadre du festival Odcende et de la journée internationale du Jazz, le label Fendi fait trace son 25e anniversaire au Cabaret Lyon d'Or à Montréal. Avec des artistes comme François Bourassa, Janssi à NMG, Félix Tussi, Jacques Couba Ségain et bien d'autres, la soirée va souligner l'exceptionnel contribution du label au développement.|stanley
dataset_french/wavs/stanley_0221.wav|Je vous propose d'écouter un extrait du disque, les malcomodes invitent du pianiste Felix Stouci. Paru chez FND en 2016, enregistré avec notamment le tromboniste Ray Anderson, André Lourou, saxophone soprano, genderome à la flûte, Jacques Bassegain, à nouveau à la trompette, Pierre Tanguele à la batterie, Daniel Lesard à la contrebasse, et Sonia Johnson au champ, c'est d'ailleurs elle qui assignait le texte de cette chanson, walked the same sans.|stanley
dataset_french/wavs/stanley_0223.wav|Néan-Montréal, diplôme en 1981, l'Université, mais Gill, le pianiste et compositeur Steve Holt, est infiniment moins connu qu'il le mériterait.|stanley
dataset_french/wavs/stanley_0224.wav|Établié aujourd'hui dans la région de Tawa, il s'intéresse à des stiles divers, pop rock, rhythm and blues et même country, mais continuent de placer le jazz au coeur de sa démarche artistique.|stanley
dataset_french/wavs/stanley_0225.wav|Dans le cadre du festival de jazz, de Prince Edward Counties, Steve Holt se produira entre y'a à la off-states winery de Blumfield, de vendredi le 16 ou prochain 14 heures.|stanley
dataset_french/wavs/stanley_0226.wav|À 19h30, le même jour, à l'Église-Anglican, Saint Mary McDallin, de Pectun, ce sera autour du guitarriste Eric Saint Laurent d'enchanté les festivaliers et festivalières avec sa musique qui puisse volontier dans divers traditions issues des quatre coins du monde. Voici une de ses compositions originales sortit de son album Dale, un disque, Catson Music de 2013, Skinny Lezzard, Jordan O'Connor, est à la contrebasse Michel D'Equevedou, au percussion.|stanley
dataset_french/wavs/stanley_0229.wav|Jean-Sien MG prend part à la soirée du 25e anniversaire de la maison 10, qui est présenté demain 30 avril au Cabaret-Lion d'or à l'occasion du festival Odcende et de la Journée Internationale du Jazz.|stanley
dataset_french/wavs/stanley_0230.wav|C'est également le cas de son confrère François Bourassac, qui a fait paraître de nombreux disques chez FND dont Squirrel, Live at Piccolo, sorti en 2023, gravé en compagnie d'André Leroux au Saxofentaineur, Guy Boivère à la contrebasse et Guillaume Pilote à la batterie.|stanley
dataset_french/wavs/stanley_0231.wav|Envoici un extraintitulé Costard.|stanley
dataset_french/wavs/stanley_0232.wav|Custard, une plage de l'album Swirl, live at Piccolo du pianiste et compositeur François Bourassa, un disque FN10 à T22023.|stanley
dataset_french/wavs/stanley_0233.wav|François Bourassas sera de la partie au Cabaret-Lion d'Or de Montréal de ma soeur, alors qu'une brochette d'étoile d'ici, s'élébreront à la fois à la journée internationale du jazz et les 25 ans de la maison de disque FND.|stanley
dataset_french/wavs/stanley_0234.wav|Je vous ai mis ce matin sur la page Facebook de cette émission, le lien vers l'entrevue accordé par le contre-basiste Alain Bédard, fondateur et patron Défendie, à mon ex-college d'ici musique, Frédéric Cardin qui ouvre désormais sur le site d'infos et des critiques musicales, Panem 360.com.|stanley
dataset_french/wavs/stanley_0235.wav|Et on va clor ce bloc avec une composition du trompétiste Joe Sullivan gravé par le saxophoniste André Lourou, à la tête de son quartet.|stanley
dataset_french/wavs/stanley_0236.wav|Frédéric Alariette à la contre-basse, Normand de vous, regrettez Normand de vous au piano et question à la joie.|stanley
dataset_french/wavs/stanley_0237.wav|à la batterie, All of Them figure sur Corpus Scalossum, le premier repus d'André Le Roue en Lidard par UCHFN10 en 2008.|stanley
dataset_french/wavs/stanley_0238.wav|Le standard Will Be Together Again, relu par le clarinetiste Phil Nimbins à la tête de son tentette Nimbins N9 sur l'enjustement verve réalisé en 1955 par Oscar Peterson.|stanley
dataset_french/wavs/stanley_0239.wav|Je vous en ai que dit ces mots, il y a quelques jours, clarinétiste de jazz, compositeur, chef d'orchestre et éducateur canadien, né à Cam Loops, en Colombie britannique le 3 juin 1923.|stanley
dataset_french/wavs/stanley_0240.wav|Phil Rista Nimmons s'était été le 5 avril dernier à l'âge de 100 ans.|stanley
dataset_french/wavs/stanley_0241.wav|comme soliste et comme arranger et s'étilustrer dans les champs du fruit jazz, dans ceux d'un jazz plus traditionnel, ainsi que dans d'autres genres dans la musique classique.|stanley
dataset_french/wavs/stanley_0242.wav|Histoire de saluer sa mémoire, nous passerons le reste de l'émission dans son univers musical. Poursuivrant avec ce mouvement de sa suite atlantique, il revient en 1975 par son tente-être régulier augmenté par la présence de quelques musiciens invités dont Andy Krem, à la guitare Keith Jolly Moore, au saxophone alto. Voici Horizons.|stanley
dataset_french/wavs/stanley_0243.wav|Horizon, 4ème des 5 mouvements de la suite Atlantique, œuvre maîtresse du compositeur Éclareonétiste Phil Nimmunds, gravé en 1975.|stanley
dataset_french/wavs/stanley_0244.wav|Phil Némons, je vous le rappelle, nous a quitté le 5 avril dernier allage de 100 ans.|stanley
dataset_french/wavs/stanley_0245.wav|diplômés en clarinette de la Julio de School of Music et en composition du Royal Conservatory of Music, Phil Nehmons a participé au développement du programme d'interprétation de jazz à l'Université de Toronto et en est devenu le directeur Émerite en 1991.|stanley
dataset_french/wavs/stanley_0246.wav|On va poursuivre avec Saint-Pierre et Michelon, un mouvement d'une autre suite de Phil Nehmens, de Prince Edward Island Suite, gravé par l'ensemble du clarinetiste, avec le trompétiste Mike Malone comme soliste Vietdette, anoté la contribution de Erby Spaniard également à la trompette, Art Ellafson au Saxophone Thénor, Dave Caldwell à Saxophone Alto, et Dave McMurdo au Trombone.|stanley
dataset_french/wavs/stanley_0247.wav|Cascade de Épar, le pianiste Howard Lopez, un extrait son album, under the piano, par Uche s'en escape en 1998. L'opeste joue à la Wearing House, de Picton du côté du Barley Room Pub, dimanche, 18 ou, à 19 heures.|stanley
dataset_french/wavs/stanley_0249.wav|Ces deux-là, vous vous en souviendrez peut-être nous avaient offert sous Étiquette Cornerstone en 2023 l'album Recent History, gravé avec le soutien du contre-basiste Neil Swanson et du Bataire Terry Clark.|stanley
dataset_french/wavs/stanley_0250.wav|Envoici une extraie, une composition de Mike Merleet, intitulée, soul-wise.|stanley
dataset_french/wavs/stanley_0251.wav|Meditation un air de l'acte 2 de taïs de jules mascenailles.|stanley
dataset_french/wavs/stanley_0252.wav|Ce thème l'Hierry qui était revisité en 2013 par le Belmond au Family Sex Tête sur l'album Mediterranean Sound par U sous Etiquette B. Flat.|stanley
dataset_french/wavs/stanley_0253.wav|Le Belmondo, familie sexe-tête réunie les trois musiciens du clan Belmondo, le patriarche Ivan Belmondo au saxophone bariton et ses fils Stéphane à la trompette Lionel au saxophone.|stanley
dataset_french/wavs/stanley_0254.wav|Je me réjouissais de pouvoir voir et entendre Lionel Belmondo ce soir au Diasons de Montréal et demain au Centre Arthur de musique, au sein du sextet co-dégigeait par lui et notre Yannick Rieu national. Et là, à celle Lionel Belmondo, a dû annuler sa visite au Québec pour des raisons familiales. Si bien que Rieu s'est produite sans lui en quintet, un peu plus tôt en soirée au Diasse, comme il le fera aussi demain à Arthur.|stanley
dataset_french/wavs/stanley_0255.wav|Castlantienne, nous écouterons à nouveau, Lionel Belmondo.|stanley
dataset_french/wavs/stanley_0256.wav|sur disque pour nous consoler de son absence. Le voici au saxophone soprano soutenu par le quartier accord Montpellier, le fuseur de pluie.|stanley
dataset_french/wavs/stanley_0257.wav|Il me mène que toujours quand il est absent au mois d'août, surtout quand il est question du sud de la France où je me suis autrefois baigné dans sa lumière.|stanley
dataset_french/wavs/stanley_0258.wav|Cette composition de Lily Boulanger figure sur l'album du même titre que faisait paraître sous les Desquelles B. Flat en 2003, Lionel Belmondo, tourateur ici au saxophone à la clarinette et à la flûte, tandis que son frère Stéphane était à la trompette.|stanley
dataset_french/wavs/stanley_0259.wav|Ainsi que je le déplorerai à tout à l'heure, Lionel Belmondot a dû annuler à la dernière minute sa visite au Québec pour des raisons familiales. C'est pourquoi il n'était pas au rendez-vous avec son confrère, Yannick Rieu, au dies-on ce soir, et qu'il n'issera évidemment pas au centre offert de musique demain soir.|stanley
dataset_french/wavs/stanley_0260.wav|Cela dit, rien ne nous empêche d'écouter à nouveau un extrait du plus récent opus de Yannick Rieud, album Symbiosis, lancé officiellement il y a deux semaines aux dieis 11, une oeuvre majeure inspirée par l'univers de Johannes Brahms.|stanley
dataset_french/wavs/stanley_0261.wav|Voici la plage intitulée VALSE à 4 temps.|stanley
dataset_french/wavs/stanley_0262.wav|Le standard Easy Street, écrié composé par Alan Rankin Jones en 1940, créé à l'époque par l'orchestre de Jimmy Lundesford.|stanley
dataset_french/wavs/stanley_0263.wav|Nous en écoutons ici une interprétation par le regretté saxophoniste Van couvert Roy Fraser McPherson qui nous a quitté.|stanley
dataset_french/wavs/stanley_0264.wav|le 27 septembre 1993 à 65 ans.|stanley
dataset_french/wavs/stanley_0265.wav|sur cet enregistrement de 1990 tiré son album encore paru sous-éthiquette Justin Tim, il côtoyait le guitarriste Oliver Ganon, le contre-basiste Steve Wallace et le bataur John Sumner.|stanley
dataset_french/wavs/stanley_0266.wav|Mordue de saxophone à sélection de ce soir s'adresse tout particulièrement à vous. En effet, j'ai choisi de vous faire entendre au cours de ce qui reste des deux prochaines heures, une vingtaine de saxophonistes québécois et canadien qui comptent parmi les plus intéressants de la scène contemporaine des valeurs sûrs comme des étoiles émergentes. Nous écoutons nomément T-Vetz-la, Jacob Doe.|stanley
dataset_french/wavs/stanley_0268.wav|Et puisqu'on a débuté avec un enregistrement souvenir du regretté Fraser McPherson, je vous propose de poursuivre avec deux extraits d'un disque homage qui lui a été consacré en 2022, l'album collectif From The Pen Of paru sous étiquette la réserve. Égoutons d'abord l'Américain Scott Hamilton revisité Night Spot, un thème de Fraser McPherson en compagnie de Billion, Lundgren, Opiano, Hans Backenorth, à la contre-bas et Christian L'Effe à la batterie.|stanley
dataset_french/wavs/stanley_0270.wav|On écoute ici un extrait de l'album Toutot-Tour, paru en 2015 sous étiquette multiple-cord music.|stanley
